An integer overflow vulnerability in FreeImageIO.cpp::_MemoryReadProc in FreeImage 3.18.0 allows attackers to obtain sensitive information, cause a denial-of-service attacks and/or run arbitrary code.	CVSS:3.1/AV:N/AC:L/PR:N/UI:R/S:U/C:H/I:H/A:H
An Exposure of Resource to Wrong Sphere vulnerability in the Packet Forwarding Engine (PFE) of Juniper Networks Junos OS on MX Series allows an unauthenticated, network-based attacker to bypass the intended access restrictions.  In an Abstracted Fabric (AF) scenario if routing-instances (RI) are configured, specific valid traffic destined to the device can bypass the configured lo0 firewall filters as it's received in the wrong RI context.  This issue affects Juniper Networks Junos OS on MX Series:      *  All versions earlier than 20.4R3-S9;   *  21.2 versions earlier than 21.2R3-S3;   *  21.4 versions earlier than 21.4R3-S5;   *  22.1 versions earlier than 22.1R3;   *  22.2 versions earlier than 22.2R3;   *  22.3 versions earlier than 22.3R2.	CVSS:3.1/AV:N/AC:L/PR:N/UI:N/S:U/C:N/I:H/A:N
An issue in Dlink DIR-816A2 v.1.10CNB05 allows a remote attacker to execute arbitrary code via the wizardstep4_ssid_2 parameter in the sub_42DA54 function.	CVSS:3.1/AV:N/AC:L/PR:N/UI:N/S:U/C:H/I:H/A:H
The Essential Addons for Elementor – Best Elementor Templates, Widgets, Kits & WooCommerce Builders plugin for WordPress is vulnerable to Stored Cross-Site Scripting via the plugin's Filterable Gallery widget in all versions up to, and including, 5.9.4 due to insufficient input sanitization and output escaping on the Image URL. This makes it possible for authenticated attackers with contributor-level and above permissions to inject arbitrary web scripts in pages that will execute whenever a user accesses an injected page.	CVSS:3.1/AV:N/AC:L/PR:L/UI:R/S:C/C:L/I:L/A:N
A vulnerability has been found in DedeBIZ 6.3.0 and classified as critical. This vulnerability affects unknown code of the file /admin/makehtml_freelist_action.php. The manipulation of the argument startid leads to sql injection. The attack can be initiated remotely. The exploit has been disclosed to the public and may be used. VDB-250726 is the identifier assigned to this vulnerability. NOTE: The vendor was contacted early about this disclosure but did not respond in any way.	CVSS:3.1/AV:N/AC:L/PR:H/UI:N/S:U/C:H/I:H/A:H
TinyMCE versions before 5.10.0 are affected by a cross-site scripting vulnerability. A remote and unauthenticated attacker could introduce crafted image or link URLs that would result in the execution of arbitrary JavaScript in an editing user's browser.	CVSS:3.1/AV:N/AC:L/PR:N/UI:R/S:C/C:L/I:L/A:N
Improper Neutralization of Input During Web Page Generation ('Cross-site Scripting') vulnerability in Neil Gee SlickNav Mobile Menu allows Stored XSS.This issue affects SlickNav Mobile Menu: from n/a through 1.9.2.	CVSS:3.1/AV:N/AC:L/PR:H/UI:R/S:C/C:L/I:L/A:N
A buffer overflow vulnerability exists in Delta Electronics Delta Industrial Automation DOPSoft version 2 when parsing the wScreenDESCTextLen field of a DPS file. An anonymous attacker can exploit this vulnerability by enticing a user to open a specially crafted DPS file to achieve code execution.	CVSS:3.1/AV:L/AC:L/PR:N/UI:R/S:U/C:H/I:H/A:H
In the Linux kernel, the following vulnerability has been resolved:  net/sched: sch_frag: fix stack OOB read while fragmenting IPv4 packets  when 'act_mirred' tries to fragment IPv4 packets that had been previously re-assembled using 'act_ct', splats like the following can be observed on kernels built with KASAN:   BUG: KASAN: stack-out-of-bounds in ip_do_fragment+0x1b03/0x1f60  Read of size 1 at addr ffff888147009574 by task ping/947   CPU: 0 PID: 947 Comm: ping Not tainted 5.12.0-rc6+ #418  Hardware name: Red Hat KVM, BIOS 1.11.1-4.module+el8.1.0+4066+0f1aadab 04/01/2014  Call Trace:   <IRQ>   dump_stack+0x92/0xc1   print_address_description.constprop.7+0x1a/0x150   kasan_report.cold.13+0x7f/0x111   ip_do_fragment+0x1b03/0x1f60   sch_fragment+0x4bf/0xe40   tcf_mirred_act+0xc3d/0x11a0 [act_mirred]   tcf_action_exec+0x104/0x3e0   fl_classify+0x49a/0x5e0 [cls_flower]   tcf_classify_ingress+0x18a/0x820   __netif_receive_skb_core+0xae7/0x3340   __netif_receive_skb_one_core+0xb6/0x1b0   process_backlog+0x1ef/0x6c0   __napi_poll+0xaa/0x500   net_rx_action+0x702/0xac0   __do_softirq+0x1e4/0x97f   do_softirq+0x71/0x90   </IRQ>   __local_bh_enable_ip+0xdb/0xf0   ip_finish_output2+0x760/0x2120   ip_do_fragment+0x15a5/0x1f60   __ip_finish_output+0x4c2/0xea0   ip_output+0x1ca/0x4d0   ip_send_skb+0x37/0xa0   raw_sendmsg+0x1c4b/0x2d00   sock_sendmsg+0xdb/0x110   __sys_sendto+0x1d7/0x2b0   __x64_sys_sendto+0xdd/0x1b0   do_syscall_64+0x33/0x40   entry_SYSCALL_64_after_hwframe+0x44/0xae  RIP: 0033:0x7f82e13853eb  Code: 66 2e 0f 1f 84 00 00 00 00 00 0f 1f 44 00 00 f3 0f 1e fa 48 8d 05 75 42 2c 00 41 89 ca 8b 00 85 c0 75 14 b8 2c 00 00 00 0f 05 <48> 3d 00 f0 ff ff 77 75 c3 0f 1f 40 00 41 57 4d 89 c7 41 56 41 89  RSP: 002b:00007ffe01fad888 EFLAGS: 00000246 ORIG_RAX: 000000000000002c  RAX: ffffffffffffffda RBX: 00005571aac13700 RCX: 00007f82e13853eb  RDX: 0000000000002330 RSI: 00005571aac13700 RDI: 0000000000000003  RBP: 0000000000002330 R08: 00005571aac10500 R09: 0000000000000010  R10: 0000000000000000 R11: 0000000000000246 R12: 00007ffe01faefb0  R13: 00007ffe01fad890 R14: 00007ffe01fad980 R15: 00005571aac0f0a0   The buggy address belongs to the page:  page:000000001dff2e03 refcount:1 mapcount:0 mapping:0000000000000000 index:0x0 pfn:0x147009  flags: 0x17ffffc0001000(reserved)  raw: 0017ffffc0001000 ffffea00051c0248 ffffea00051c0248 0000000000000000  raw: 0000000000000000 0000000000000000 00000001ffffffff 0000000000000000  page dumped because: kasan: bad access detected   Memory state around the buggy address:   ffff888147009400: 00 00 00 00 00 00 00 00 00 00 00 00 00 00 00 00   ffff888147009480: f1 f1 f1 f1 04 f2 f2 f2 f2 f2 f2 f2 00 00 00 00  >ffff888147009500: 00 00 00 00 00 00 00 00 00 00 f2 f2 f2 f2 f2 f2                                                               ^   ffff888147009580: 00 00 00 00 00 00 00 00 00 00 00 00 00 00 00 00   ffff888147009600: 00 00 00 00 00 00 00 00 00 00 00 00 00 f2 f2 f2  for IPv4 packets, sch_fragment() uses a temporary struct dst_entry. Then, in the following call graph:    ip_do_fragment()     ip_skb_dst_mtu()       ip_dst_mtu_maybe_forward()         ip_mtu_locked()  the pointer to struct dst_entry is used as pointer to struct rtable: this turns the access to struct members like rt_mtu_locked into an OOB read in the stack. Fix this changing the temporary variable used for IPv4 packets in sch_fragment(), similarly to what is done for IPv6 few lines below.	CVSS:3.1/AV:L/AC:L/PR:L/UI:N/S:U/C:H/I:N/A:H
Deserialization of Untrusted Data vulnerability in Anton Bond Woocommerce Tranzila Payment Gateway.This issue affects Woocommerce Tranzila Payment Gateway: from n/a through 1.0.8.	CVSS:3.1/AV:N/AC:L/PR:N/UI:N/S:U/C:H/I:H/A:H
